{"naive_male": {"0": [1.0970583678467278, 0.8019729029619705], "1": [0.7586070915941239, 0.9753560682793405], "2": [0.9502024739060756, 0.7699906568458684], "3": [0.721696807347681, 0.8049704569636137], "4": [0.5242120626708415, 0.5361086368263367], "5": [-0.0785350115693173, 0.44254373182335727], "6": [0.36318288681149025, 0.8187836725682364], "7": [0.19053258398409806, 0.9319596347905875], "8": [0.5587955303482408, 0.8365009673746743], "9": [1.0385487849519173, -0.043092069674964595], "10": [0.5962313189706875, 0.7284521205099231], "11": [0.9253429988723499, -0.04470358237462276], "12": [0.25525607439803855, 0.17458873781271844], "13": [0.7341787504450814, 0.2574190711744628], "14": [0.3620964873463169, 0.566757198868961], "15": [0.6360344963134538, 0.3588152994078808], "16": [0.24227135650846826, 0.28342946542166314], "17": [0.6242278944926941, 0.23142025148035283], "18": [0.742660671584666, 0.4189939125507982], "19": [1.0675918381428862, 0.21579251753239348], "20": [0.47957253651892584, 0.6362217078174797], "21": [0.22109101708508477, 0.548072681623413], "22": [0.08401802104194239, 0.001947970897645146], "23": [0.12006606815135915, 0.48088615986564354], "24": [0.4029227228874106, -0.015897342828232575], "25": [0.31498058253007755, 0.07683612777083823], "26": [0.44455666574727093, 0.3471650481912516], "27": [0.13248410286111256, 0.23423507722300757], "28": [0.9586946132984091, 0.38410697334313526], "29": [0.016202340552628647, 0.2596969319530775], "30": [-0.08039857246971766, 0.6158216773413218], "31": [0.11340861045062106, 0.5932823990395752], "32": [0.8601286095502327, 0.5931584499311731], "33": [0.52396739365104, 0.42106657051768914], "34": [0.8396615459810769, 0.8344366519962306], "35": [0.054902416328158454, 0.118347212478153], "36": [1.06863726751925, 1.050113776859312], "37": [1.0911090680882796, 0.3597480877162711], "38": [0.86747724172121, 1.0567854646687387], "39": [0.8745380881102603, 0.9352478328383587], "40": [0.03067827951539144, 0.820483698201245], "41": [0.39078443622716474, 0.23279360321411102], "42": [0.7212073947210922, 0.6602374176262108], "43": [1.0097080478030844, 0.5039347385710107], "44": [0.49500883033113835, 1.0603712696810246], "45": [0.6930860653408208, -0.02869011815355249], "46": [-0.08715930110338459, 0.8040691183867635], "47": [0.9222066818484317, 0.11742011985676581], "48": [0.813617113618308, 0.029794122285684788], "49": [0.7836799494988327, 0.13612521292431162], "50": [0.8720929597893422, 0.48514589781050477], "51": [-0.05151288632169965, -0.071881237367797], "52": [0.6707792676700269, 0.8970282029342128], "53": [0.1492820960086996, 0.7197210696692622], "54": [0.3049413400755767, -0.08113471864684521], "55": [0.32556913270801197, 0.34129349925665686], "56": [-0.06406984653361808, 0.9342969872905832], "57": [0.3096497220797778, 0.9209567238617279], "58": [0.7537985406356144, 0.5388623269898942], "59": [-0.06814852449313705, 0.17661222307258384], "60": [-0.0003295521619090941, 0.5312870271972947], "61": [0.187747797935931, -0.05777646478497475], "62": [0.9746928522563985, 0.9844632421379379], "63": [0.18116598725277744, 0.061225509322500704], "64": [0.5110717141442919, 0.25905712456431185], "65": [1.0701149610576957, 0.9246991363818046], "66": [0.9308945880225252, 0.24739649757675986], "67": [0.8293640012175194, 0.3331913625493689], "68": [0.5489366388948094, -0.04628183451652679], "69": [0.24614201300131194, 0.7951819622801526], "70": [0.6339227290266396, 0.6027106983466171], "71": [0.4719910262078632, 0.9185286734044876], "72": [0.6385473034355852, 0.46330342316997686], "73": [0.23483861482598234, 0.4228712725789958], "74": [0.13278864354892456, 1.030218691106397], "75": [0.021140639834495725, 0.38214623838256706], "76": [0.8172520856840283, 0.7105637379520316], "77": [0.9540749307408812, 0.6446867244855732], "78": [1.045161925583177, 0.07122289385631636], "79": [1.0913757499486472, 0.608390617711198], "80": [-0.07113101860816634, 0.040999270183827013], "81": [0.13730005045463398, 0.3606382797642845], "82": [0.4400306130059227, 0.7465616623702207], "83": [0.01130160420088775, 0.712366315936511], "84": [0.3711224673303506, 0.4746130606491623], "85": [0.26606136067930614, 1.0260709798609233], "86": [0.583418039196438, 0.965378289105819], "87": [0.5040840144984575, 0.10481834780738841], "88": [0.14271274986520877, 0.8364462359945308], "89": [0.0631591869518617, 0.9254869179647854], "90": [0.6487024665539719, 1.0640745507154354], "91": [0.2721174271620064, 0.6860483624336833], "92": [-0.0737805906455912, 0.31994845753564827], "93": [0.010607497007510458, 1.0246620049673116], "94": [0.6371786481307545, 0.08478882253036801]}, "trained_male": {"0": [0.020757344244843434, 0.5867275367026046], "1": [0.6964383512376552, 1.0026083713402558], "2": [0.5363759637992608, 1.0181057766065758], "3": [0.2765533369491229, -0.07013395900813466], "4": [0.8265516751379197, 0.03223810058568077], "5": [0.5303226069877385, 0.019942326549798745], "6": [0.5374094839446906, 0.311545754159204], "7": [0.9919242481817265, 0.8544458704741534], "8": [0.31356747722302325, 1.1022301201818154], "9": [0.0651624582215947, 0.6931611590843176], "10": [-0.058834611339352416, 0.5051112033703467], "11": [0.4172712553728293, 0.05523547316386784], "12": [-0.07073193266379021, -0.0709313441052532], "13": [0.5530540803020307, 0.44340698399485656], "14": [0.14473789543443016, 0.4297955256148446], "15": [-0.04982088122013914, 1.095424119775743], "16": [1.0754310252880228, 0.9292925420855299], "17": [0.5443002657641746, 0.7175864182494792], "18": [1.075372214358025, -0.08060360912281148], "19": [0.07213145860782305, 1.0957493932170563], "20": [1.0536880844646022, 0.02919838095260946], "21": [-0.04633582034713055, 0.674104070350541], "22": [0.8470047129996979, 0.5827092857195396], "23": [0.8594150029340721, 0.21243730680400763], "24": [0.33631089448818335, 0.4650676458297234], "25": [0.2751054278654257, 0.9959392505777233], "26": [0.9095248188536387, 0.9565851404879451], "27": [-0.060824439462681124, 0.27909306834923486], "28": [0.3652385427261162, 0.186930627521252], "29": [0.4669373904430465, 1.1042076109558108], "30": [0.6470693177268906, 0.7922784729615991], "31": [0.7157572548454757, 0.6096509993950194], "32": [1.0609605802024187, 0.1469041429364557], "33": [0.46186076150694366, 0.5381648081353243], "34": [0.14539257757309304, 0.31392629606475747], "35": [0.0442720851707224, -0.07145127987042467], "36": [0.5994666312436275, 0.6091393920251781], "37": [0.9886496311222529, 0.5653428547474111], "38": [0.44785797678501743, 0.6558607971648243], "39": [1.0085517150126462, 1.007028159058817], "40": [0.10655082450230771, 0.9187844086821659], "41": [1.0712330464273265, 0.7777130898620235], "42": [0.36750941533464004, 0.2985760441549441], "43": [0.8853284491902111, 0.8090434342813917], "44": [0.03852178376274329, 0.45347666949665616], "45": [0.4057340436270458, 0.998425206407217], "46": [-0.053589425257731804, 0.397101707734529], "47": [0.16155498530402052, 1.0269036351600445], "48": [0.029125764610748672, 0.20001185302293284], "49": [0.30972449563686133, 0.07813590156807047], "50": [0.747325213378016, 0.4836730427958025], "51": [1.0517533672281791, 0.46026870071686055], "52": [0.3157927977591226, 0.6661358837589754], "53": [0.25591248915347126, 0.36693162240448396], "54": [0.06398909775152681, 0.8143275581883025], "55": [0.72350184290571, -0.03741486636563529], "56": [0.4983929373926206, -0.08738407533271267], "57": [0.8464299067037961, -0.08149414004503996], "58": [0.6423844164222337, 0.05129197324625223], "59": [0.013968138309806116, 0.9980253689275581], "60": [0.23625596600457954, 0.5642658065776589], "61": [0.12199047601918545, 0.5404069612393694], "62": [0.4388515694107543, 0.41194659912539316], "63": [0.6235407327406559, 1.0972825305216851], "64": [0.3900246093273314, -0.079831885693355], "65": [0.829616456041501, 0.3585497639585813], "66": [0.9187036307245378, 0.4543333707352596], "67": [1.0878821872599684, 1.1010153768194968],